{
  "oldParams": true,
  "wave_type": 2,
  "p_env_attack": 0,
  "p_env_sustain": 0.15470758056574654,
  "p_env_punch": 0.17506572367888304,
  "p_env_decay": 0.30303298740190615,
  "p_base_freq": 0.39995915374623925,
  "p_freq_limit": 0.08788333639956324,
  "p_freq_ramp": -0.4920480597217473,
  "p_freq_dramp": 0,
  "p_vib_strength": 0,
  "p_vib_speed": 0,
  "p_arp_mod": 0,
  "p_arp_speed": 0,
  "p_duty": 0.43528993845539476,
  "p_duty_ramp": 0.06760676464280216,
  "p_repeat_speed": 0,
  "p_pha_offset": 0.03935528747219,
  "p_pha_ramp": -0.1843806660004521,
  "p_lpf_freq": 1,
  "p_lpf_ramp": 0,
  "p_lpf_resonance": 0,
  "p_hpf_freq": 0.07315747621049502,
  "p_hpf_ramp": 0,
  "sound_vol": 0.25,
  "sample_rate": 8000,
  "sample_size": 8
}